StartDate,EndDate,Status,IPAddress,Progress,Duration (in seconds),Finished,RecordedDate,ResponseId,RecipientLastName,RecipientFirstName,RecipientEmail,ExternalReference,LocationLatitude,LocationLongitude,DistributionChannel,UserLanguage,Education,Age,Race,Gender,Religion,Q1B,Q2B,Q3B,Q4B,Q5B,Q6B,Q7B,Q8B,N0,N1,N2,N3,N4,N5,N6,N7,Narrative Reflection,Q1A,Q2A,Q3A,Q4A,Q5A,Q6A,Q7A,Q8A
Start Date,End Date,Response Type,IP Address,Progress,Duration (in seconds),Finished,Recorded Date,Response ID,Recipient Last Name,Recipient First Name,Recipient Email,External Data Reference,Location Latitude,Location Longitude,Distribution Channel,User Language,What is your level of education?,What is your age group?,Which of the racial designations below best describe you?,What is your gender identity?,"What religion do you associate with, if any?",You can never be really comfortable around Muslims.,I have everyday life experiences similar to those of Muslims.,Muslims are less trustworthy than the average person.,I have often felt admiration for Muslims living in the area.,The state of Israel has a legitimate right to exist.,A two state solution should be pursued by both parties as a resolution to the conflict.,Hamas' actions on October 7th were justified.,The impact on civilians in this conflict is excessively severe.,"Please read the following social media post:

Preface: I am Jewish. I would not say I support Israel, but I do favor a two state solution. Sort of a ""Why can't we all just get along?""


What is it that seems to have everyone so anti-Israel right now? I know there's always war in the middle east, but tensions have risen a ton as of late. Hamas attacked Israel in October, and I know that Israel is fighting back, often in less than ethical ways. But aren't Hamas and Palestine also committing crimes and being violent against Israelis? Why has the general attitude turned so anti-Israel in what's going on?

The people who answer questions here are awesome","Please read the following social media post:

https://twitter.com/i/status/1782826724813656361

How is any of this free mixing, dancing, playing the annoying dammi falastini song helping the people in Palestine? These ""protests"" are just a cesspool for killing time and a break from their monotonous lives. And they think they'll get Allah's help by doing so. What a bunch of libtards.","Please read the following social media post:

It's crazy to me that israel went to be known as this tourist hub known for beaches and clubs and this reputation for human rights and democracy. A destination for many and example for all especially to the middle-east to basically a laughing stock and being revealed as a morally bankrupt state.

First let's start with the IDF losing any source of credibility. Many people love making fun of hamas ministry of health numbers saying how little trust they have in them. Well guess what to the majority of people the IDF numbers and reputation matches Hamas.

Just looks at all these IDF examples.

IDF killing IDF soldiers:
https://www.nbcnews.com/news/world/nearly-15-israeli-soldiers-killed-gaza-died-due-friendly-fire-accident-rcna129285

IDF killing israel hostages:
https://www.timesofisrael.com/idf-troops-mistakenly-open-fire-and-kill-3-hostages-in-northern-gaza-battlefield/

IDF killing peace envoys:
https://www.npr.org/2024/04/01/1242177519/world-central-kitchen-workers-deaths-gaza

IDF killing palestian icivilians
https://www.theguardian.com/world/2024/apr/02/gaza-palestinian-children-killed-idf-israel-war

IDF killing israel civilians:
https://www.reuters.com/world/middle-east/israeli-military-opens-probe-into-reports-oct-7-friendly-fire-deaths-2024-02-06/

IDF soldiers acting as kids:
https://www.pbs.org/newshour/world/videos-of-israeli-soldiers-acting-maliciously-emerge-amid-international-outcry-against-tactics-in-gaza

IDF supporting a man made famine:
https://www.washingtonpost.com/world/2024/02/10/gaza-aid-blockade-protest-kerem-shalom/

I mean the examples goes on and on. It's a shame this sub-redditt doesn't allow videos because the videos I can post about the IDF army and their behavior are countless for any one video you could post , i can provide five its insane. At one point the IDF had this reputation of being a supreme military force that was an envy to other world military forces. Guess what that's down the drain. The IDF record at fighting in the ground against hamas has been terrible, they basically only have an advantage when it comes to dropping bombs from an airplane to a force that has no air power. Their fighting a military force that is using Soviet era machine guns while they have 21st century armory and have a poor record. Can't tell you how many military podcasts make fun of the ineptitude of the IDF on the ground.

https://foreignpolicy.com/2023/10/26/israel-hamas-gaza-military-idf-technology-surveillance-fence-strategy-ground-war/

And what a hungry for blood mentality by israel , I don't see many people on this sub-reddit talk about the embassy bombing in syria. But its hard to even find a modern example of another country attacking an embassy. Under the 1961 Vienna convention on diplomatic immunity, the premises of a diplomatic mission are inviolable. I mean you can just feel the Telegram of israel wanting iran to retaliate to justify a Lebanese invasion or spreading the war to Iran. If I was a citizen I would be outraged my country is trying to expand the war. But guess what netanyahu is trying his hardest to stay in power and you smucks are happy letting him play a political game while we're seeing one of the worst modern massacres of our life time. Yes let's tie a war with a politician that's trying to remain in power so he won't go to jail for corruption, I don't see anything wrong with that

Every single international body, almost every citizen in all countries have been shocked and distrusted by the actions of the IDF and the israel government. The amount of tourists that will go to israel will decrease the amount of citizens leaving the country is also increasing. Honestly seeing a country going from 100 to 0 is quite amazing but somehow israel is doing it. You have support of the U.S government, the president of the united states calls himself a proud zionest and many still pretend that nobody supports israel and you are all being malignant attacked for your religion when infact your actions is what anybody needs to judge you fairly.

Many comments are going to reply what do you expect a country to do post oct 7, well it's definitely not what been happening for these past 5 month, hopefully countries have a playbook on what not to do by not following this inept country and it's military.","Please read the following social media post:

I was looking at the number of Palestinians terrorists released for each hostage both in the past and in the current situation and the ratio is insane.

As someone who fully supports Israel why does this happen ?

Is there really so much leverage on their side that for each hostage so many terrorists need to be released ?

If anything, multiple hostages should be released for each terrorist !","Please read the following social media post:

I said what I said. I can‚Äôt fathom why people could so strongly support either the state of Israel or a Hamas-led Palestinian state. Both have been committing unspeakable acts against each other. Going back in history, sure, Israel‚Äôs offensive has led to more Palestinian deaths than vice versa. That is the outcome of having U.N. aide and support. Is it wrong to say that if you choose Israel or Palestine, you are just blindly supporting your own racist ideologies? I feel as if people are choosing white vs. brown when it is so much more complex than that. Should I, as a Christian, be under the belief that we should take Jerusalem back for ourselves? No. But we have just as much claim over that Holy land that Jews or Muslims would? So why are we acting like Palestine is in the right, or that Israel is in the right? Being pro-Israel does not call for a ceasefire. It calls for brutal retaliation that no good human or practicing Christian or Jew should support this or the things they have doen in the past to oppress Palestinians. Being pro-Palestine does not call for a ceasefire, it further creates tension and the divide only grows stronger. No Christian or Muslim should support the things they have done. You are not advocating for peace if you are only advocating for donating and helping one side. Just my two cents, as a local white boy! Not sure if my race matters, but race seems to be all that matters to a lot of pro-Israel or pro-Palestine supporters! I am not spewing pro-Zionist bullshit here. Calling for peace is not pro-Israel. And it‚Äôs not pro-Palestine. It‚Äôs being a good human with proper morals. The divide is so strong already in the Middle East, it shouldn‚Äôt extend to the States and the UK, we should all be denouncing both.","Please read the following social media post:

Company: Natera Location: Afghanistan Albania Algeria Andorra Angola Antarctica Armenia Austria Azerbaijan Bahrain Belarus Belgium Benin Bosnia and Herzegovina Botswana Bouvet Island Bulgaria Burkina Faso Burundi Cabo Verde Cameroon Central African Republic Chad Comoros Congo Congo, The Democratic Republic of the Cook Islands Croatia Cura√ßao Cyprus Czechia C√¥te d'Ivoire Denmark Djibouti Egypt Equatorial Guinea Eritrea Estonia Eswatini Ethiopia Faroe Islands Finland France French Guiana French Southern Territories Gabon Gambia Georgia Germany Ghana Gibraltar Greece Greenland Guadeloupe Guernsey Guinea Guinea-Bissau Heard Island and McDonald Islands Holy See (Vatican City State) Hungary Iceland Iran Iraq Ireland Isle of Man Israel Italy Jersey Jordan Kazakhstan Kenya Kuwait Kyrgyzstan Latvia Lebanon Lesotho Liberia Libya Liechtenstein Lithuania Luxembourg Madagascar Malawi Mali Malta Martinique Mauritania Mauritius Mayotte Moldova Monaco Montenegro Morocco Mozambique Namibia Netherlands Niger Nigeria North Macedonia Norway Oman Palestine, State of Poland Portugal Qatar Romania Russian Federation Rwanda R√©union Saint Barth√©lemy Saint Helena, Ascension and Tristan da Cunha Saint Martin (French part) Saint Pierre and Miquelon San Marino Sao Tome and Principe Saudi Arabia Senegal Serbia Seychelles Sierra Leone Sint Maarten (Dutch part) Slovakia Slovenia Somalia South Africa South Sudan Spain Sudan Svalbard and Jan Mayen Sweden Switzerland Syrian Arab Republic Tajikistan Tanzania Togo Tunisia Turkey Turkmenistan Uganda Ukraine United Arab Emirates United Kingdom Uzbekistan Western Sahara Yemen Zambia Zimbabwe √Öland Islandsüìç

Date Posted: April 23, 2024 üìÖ

Apply & Description üëâ
https://jobboardsearch.com/redirect?utm_source=reddit&utm_medium=bot&utm_id=jobboarsearch&utm_term=himalayas.app&rurl=aHR0cHM6Ly9oaW1hbGF5YXMuYXBwL2NvbXBhbmllcy9naXRsYWIvam9icy9zaXRlLXJlbGlhYmlsaXR5LWVuZ2luZWVyLW9ic2VydmFiaWxpdHktZW1lYQ==","Please read the following social media post:

* Maintaining the status quo (Self-evident)

Why it might work- Neither side can agree on a solution, and forcing a solution will lead to conflict.

Why it might not- Things are getting worse, not better. Tensions and attacks on both sides will only keep increasing.

* One Israeli state (Israel annexes the West Bank and possibly Gaza)

Why it might work- It will give Palestinians full rights to live and travel in Israel, with the benefits that entails.

Why it might not- It removes Palestinian national self-determination, and it may be too complicated to control militant groups.

* One Palestinian state (Palestinians gain control of all Palestinian territories and Israel)

Why it might work- Palestinians will be able to fulfill goals of the Palestinian National Charter.

Why it might not- It removes Jewish self-determination and will likely endanger the Jewish population of Israel.

* One state for two peoples (A new country is formed that is neither Israeli nor Palestinian)

Why it might work- It's the most progressive on paper, and reaching an agreement for a two-state solution is too complicated due to both sides having strong demands.

Why it might not- Neither side want this, and it is primarily supported by foreigners who will assume that everything will work out despite the bad blood and tension between the two groups.

* Two-state solution (The division of land between the two groups, forming two states)

Why it might work- It gives both Israelis and Palestinians firm sovereign borders.

Why it might not- Neither side can agree to the various demands of the other side. Extremists may not accept the results.

* Three-state solution (Egypt annexes Gaza and Jordan annexes the West Bank)

Why it might work- It would be easier to negotiate with Egypt and Jordan, and they would be able to better control Palestinian militant groups.

Why it might not- Egypt and Jordan don't want to take the responsibility, and Palestinians would almost certainly reject it.

* Confederation (Two states with freedom of travel between each and cooperation on issues of greater importance such as security and water)

Why it might work- It gives both groups sovereignty, and the concessions made during negotiations wouldn't be as impactful and thus less resented.

Why it might not- It requires a great deal of trust between the two groups, and there is too much animosity for it to be effective.

One plan that doesn't seem to get enough attention is:

* The Federation Plan

Under the Federation Plan, Israel and the West Bank will be divided into small states. The government will lose much of it power, and each state will be controlled by a local government. This will give small-scale political self-determination while still maintaining equal rights on both a local and federal level. It will mitigate the infighting both between and within Israel and the Palestinian territories. On the other hand, it might not be feasible if the borders are drawn unfairly or if one group dominates the federal government.

What are your thoughts?","Please read the following social media post:

Hi, I'm Israeli and, 6 months after Oct. 7, I wanted to share my opinions on all this mess. I am far-left, and what I am about to say at the end will probably seem extremist and insane, but I really ask you to read the whole thing so that you understand the whole picture I'm trying to pain here. First of all, about the situation in Gaza: I have always been far-left, and I always advocated for Palestinian rights, then end of the occupation and colonization of the West Bank, etc. After Oct 7, the shock and trauma really impacted me and my opinions: I saw people advocating for the obliteration of my country, and I found myself for the first time in a long time, defending Israel and its actions. I said things like: ""Yes, what is happening to the Gazans is horrible, but the IDF does everything it can to hurt as little civilians as possible, [and it is true.](https://www.idf.il/en/mini-sites/the-hamas-terrorist-organization/how-is-the-idf-minimizing-harm-to-civilians-in-gaza/) At least it was at the start of the war. I had an argument saying that Israel only targets civilian infrastructure where Hamas terrorists are located. But when I see that [entire cities are flattened](https://www.bbc.com/news/world-middle-east-68006607), I can only conclude that this is not the case anymore. It was the case at the start of the war and in previous wars, but it is not now. However, I still do not thing this is a genocide. It is a carnage and a bloodshed, and some Israelis and Israeli politicians do want to exterminate Gazans, but it is not the goal of this war and it is certainly no the reason most Israelis supported the war in the past; they supported it because they wanted a response to the Oct 7 massacres and wanted to bring the hostages back. I say supported because, [a lot of Israelis are against this war](https://www.npr.org/2024/01/20/1225168320/israel-antiwar-movement-mothers-soldiers-gaza-war), for the return of the hostages, and the end of the bloodshed. And I'm part of them.

Now about issues on Israel itself: I don't know if all of you know this, but a few months after Bibi's (Netanyahu) ultranationalist far-right government came to power in December 2022, they wanted to pass a basic law (Israel has no constitution but it has something called [Basic Laws](https://en.wikipedia.org/wiki/Basic_Laws_of_Israel) that state how the country should be run), that pretty much made the supreme court obsolete ([details](https://en.wikipedia.org/wiki/2023_Israeli_judicial_reform)), meaning the government could do anything they wanted without any restrictions. Sounds like a dictatorship right? That's because it is, and the Israeli people understood that too, and [mass protests](https://en.wikipedia.org/wiki/2023_Israeli_judicial_reform_protests) erupted all over the country. They were however interrupted by the Oct 7 attacks.

It will not come as a surprise to a lot of Israelis, including myself, that Bibi is continuing the war to remain in power. He failed miserably to protect the country on Oct 7 and still miserably fails to bring back the hostages. He does not want to make a ceasefire and a deal because he wants to show how strong he is against Hamas. But he fails miserably even in that. Hamas terrorists managed to [return to the Al-Shifa hospital](https://www.jpost.com/israel-hamas-war/article-793708), and Hamas does not seem to lose control of Gaza. In short, Bibi is a criminal, a dictator, a horrible man for what he does to Gaza and to Israel itself, and on top of that, he fails to achieve what Israel needs while causing pain and suffering to millions of people.

So why do I say my opinions may seem extreme? Because of what I'm going to say next. Bibi said that [elections in a time of war is a bad idea](https://www.reuters.com/world/middle-east/netanyahu-dismisses-election-calls-thousands-protest-tel-aviv-2024-02-17/): ""The last thing we need right now are elections and dealing with elections, since it will immediately divide us"". So imagine the war lasts until the next elections, does this mean they will be delayed? I really believe this country is slowly turning into a full scale dictatorship. First reforms that allow the government to do whatever it wants, now a risk that elections might be delayed, what next? If the country is a dictatorship, then I believe that the only solution might be a revolution. Now hear me out, I believe that violence is always the last option. But when you see [mass protests](https://www.euractiv.com/section/global-europe/news/netanyahu-sacks-defence-minister-sparking-mass-protests/) that last for months resulting in nothing, I think we are heading to a moment where a revolution is needed. It doesn't have to be a violent one. It can be civil disobedience, mass strikes in important areas. Imagine three weeks of the whole country without electricity, fuel or water, and where hundreds of thousands of citizens at a time don't pay their taxes. The government would be forced to comply. I agree this is everything but realistic, but this is my opinion and what I think should be best. And again, we only need to do this when the situation will be extreme (when the elections are officially delayed for example) to prevent any unnecessary violent events; and also because it is true that not having fuel and electricity during a war is not the best thing. But I do believe it will be necessary if the country stays in this direction.

Most of you will probably not agree with me, and a lot of Israelis do not, but a lot of them, including myself, feel that the country's survival is at stake (as much because of Hamas than because of Bibi). Imagine your country turning into a dictatorship, I'm sure it will spark some anger in you.

All that to say that in order to end the Palestinians' suffering, to stop Israel into turning into a dictatorship, and to finally bring peace between Israelis and Palestinians, a revolution will be needed if we stay in the same path. We can always look for a better solution, but we are heading that way.

So tell me what do you think. Can you suggest another solution? Or if you really do not agree with me, explain why. I would love to have that discussion.",What are your thoughts on the social media post you just read?,I would not mind if a qualified Muslim were my boss.,I would marry - or support one of my children marrying - a Muslim.,Muslims and the average person are different in the values they teach their children.,Most politicians care too much about Muslims and not enough about the average person.,The actions taken by Israel in response to October 7th are justifiable.,Humanitarian aid should be increased to the civilian populations affected by this conflict.,Israel is engaging in action that could be classified as genocide against Palestinians.,The United States should maintain its military support for Israel.
"{""ImportId"":""startDate"",""timeZone"":""America/Denver""}","{""ImportId"":""endDate"",""timeZone"":""America/Denver""}","{""ImportId"":""status""}","{""ImportId"":""ipAddress""}","{""ImportId"":""progress""}","{""ImportId"":""duration""}","{""ImportId"":""finished""}","{""ImportId"":""recordedDate"",""timeZone"":""America/Denver""}","{""ImportId"":""_recordId""}","{""ImportId"":""recipientLastName""}","{""ImportId"":""recipientFirstName""}","{""ImportId"":""recipientEmail""}","{""ImportId"":""externalDataReference""}","{""ImportId"":""locationLatitude""}","{""ImportId"":""locationLongitude""}","{""ImportId"":""distributionChannel""}","{""ImportId"":""userLanguage""}","{""ImportId"":""QID15""}","{""ImportId"":""QID16""}","{""ImportId"":""QID17""}","{""ImportId"":""QID18""}","{""ImportId"":""QID19""}","{""ImportId"":""QID5""}","{""ImportId"":""QID9""}","{""ImportId"":""QID7""}","{""ImportId"":""QID8""}","{""ImportId"":""QID47""}","{""ImportId"":""QID50""}","{""ImportId"":""QID49""}","{""ImportId"":""QID51""}","{""ImportId"":""QID1""}","{""ImportId"":""QID39""}","{""ImportId"":""QID40""}","{""ImportId"":""QID41""}","{""ImportId"":""QID42""}","{""ImportId"":""QID43""}","{""ImportId"":""QID44""}","{""ImportId"":""QID45""}","{""ImportId"":""QID4_TEXT""}","{""ImportId"":""QID32""}","{""ImportId"":""QID38""}","{""ImportId"":""QID36""}","{""ImportId"":""QID35""}","{""ImportId"":""QID27""}","{""ImportId"":""QID29""}","{""ImportId"":""QID30""}","{""ImportId"":""QID28""}"
2024-04-27 14:40:09,2024-04-27 14:42:27,IP Address,97.151.219.146,100,137,True,2024-04-27 14:42:28,R_4eFwVlDYhtprmpe,,,,,39.3589,-76.598,anonymous,EN,Some College or Technical Training,35 to 44,Latino/Hispanic,Male,Jewish,Somewhat disagree,Somewhat disagree,Somewhat disagree,Neither agree nor disagree,Neither agree nor disagree,,Somewhat disagree,,I have read this post.,,,,,I have read this post,I have read this post.,,Cool,Neither agree or disagree,Neither agree or disagree,Somewhat disagree,Somewhat disagree,Neither agree or disagree,Somewhat disagree,Somewhat disagree,Somewhat disagree
2024-04-27 14:51:41,2024-04-27 14:52:22,Survey Preview,,100,41,True,2024-04-27 14:52:23,R_1dXm4TGO7b4rQCx,,,,,39.3589,-76.598,preview,EN,Some College or Technical Training,45 to 54,Asian,Male,Hindu,Strongly agree,Somewhat agree,Neither agree nor disagree,Somewhat agree,Strongly agree,,Strongly agree,,,,I have read this post.,,,,,,,Somewhat disagree,Somewhat agree,Somewhat agree,Strongly agree,Somewhat agree,Somewhat agree,Somewhat disagree,Neither agree or disagree
2024-04-27 14:56:37,2024-04-27 15:00:31,IP Address,97.151.219.146,100,234,True,2024-04-27 15:00:32,R_529b2UayEMvWyq9,,,,,39.3589,-76.598,anonymous,EN,Bachelor's Degree,45 to 54,White,Female,Christian (Protestant),Neither agree nor disagree,Somewhat disagree,Neither agree nor disagree,Neither agree nor disagree,Somewhat agree,,Somewhat disagree,,,,,,I have read this post.,,,,,Somewhat agree,Neither agree or disagree,Neither agree or disagree,Somewhat disagree,Somewhat agree,Neither agree or disagree,Neither agree or disagree,Somewhat disagree
2024-04-27 15:01:24,2024-04-27 15:01:59,IP Address,97.151.219.146,100,35,True,2024-04-27 15:02:00,R_5DNwsMJzYOyPb4O,,,,,39.3589,-76.598,anonymous,EN,Some College or Technical Training,45 to 54,Latino/Hispanic,Non-binary,Buddhist,Somewhat disagree,Neither agree nor disagree,Neither agree nor disagree,Somewhat disagree,Neither agree nor disagree,,Somewhat disagree,,,,,,,,I have read this post.,,,Neither agree or disagree,Somewhat agree,Neither agree or disagree,Neither agree or disagree,Neither agree or disagree,Neither agree or disagree,Somewhat disagree,Strongly Disagree
2024-04-27 15:22:49,2024-04-27 15:33:23,IP Address,206.166.241.66,100,634,True,2024-04-27 15:33:24,R_27WdQwoZUQ6DNaF,,,,,28.4338,-81.3472,anonymous,EN,Postgraduate Degree,45 to 54,White,Male,Christian (Protestant),Strongly Disagree,Somewhat agree,Neither agree nor disagree,Somewhat agree,Somewhat agree,Somewhat agree,Strongly Disagree,Neither agree nor disagree,,,I have read this post.,,,,,,"The author is biased toward hamas, angry at Israel, and probably doesn't really understand Iran's involvement.",Strongly agree,Strongly Disagree,Somewhat disagree,Neither agree or disagree,Strongly Disagree,Somewhat agree,Strongly Disagree,Neither agree or disagree
2024-04-27 20:25:06,2024-04-27 20:32:49,IP Address,47.36.114.10,100,463,True,2024-04-27 20:32:50,R_33LWDUlHxdYjiZH,,,,,38.9129,-119.9878,anonymous,EN,Postgraduate Degree,55 to 64,White,Female,Christian (Protestant),Neither agree nor disagree,Strongly Disagree,Neither agree nor disagree,Neither agree nor disagree,Strongly agree,Strongly agree,Strongly Disagree,Strongly agree,,,,,I have read this post.,,,,"I think killing anyone is just wrong. I think both sides are at fault. Their problems go way back in history. I don‚Äôt think that other countries should be involved. ",Neither agree or disagree,Somewhat disagree,Neither agree or disagree,Neither agree or disagree,Strongly agree,Strongly agree,Strongly Disagree,Somewhat agree
2024-04-27 20:33:43,2024-04-27 20:46:32,IP Address,35.151.91.139,100,768,True,2024-04-27 20:46:32,R_78hYMWXVE5ZBqvf,,,,,39.4987,-119.8202,anonymous,EN,Postgraduate Degree,25 to 34,White,Female,I am not religious,Strongly Disagree,Somewhat disagree,Strongly Disagree,Neither agree nor disagree,Somewhat agree,Neither agree nor disagree,Somewhat disagree,Strongly agree,,,,,I have read this post.,,,,"This person is calling our attention to the discrimination on the basis of race and religion that occurs when choosing a side in this conflict, and employing a bridging strategy by focusing on our superordinate identity as humans in attempt to address this problem and the chaos that ensues as a result. ",Strongly agree,Neither agree or disagree,Somewhat agree,Strongly Disagree,Somewhat disagree,Strongly agree,Somewhat agree,Strongly Disagree
2024-04-27 21:39:36,2024-04-27 21:49:06,IP Address,73.201.154.76,100,569,True,2024-04-27 21:49:07,R_5jBPaQiLWFdAaoP,,,,,38.8325,-76.998,anonymous,EN,Some College or Technical Training,35 to 44,White,Male,Christian (Protestant),Strongly Disagree,Somewhat disagree,Strongly Disagree,Neither agree nor disagree,Strongly agree,Somewhat agree,Strongly Disagree,Strongly agree,I have read this post.,,,,,,,,"I would be fairly sympathetic toward that viewpoint.  I thing the conflict is just horribly tragic and sad all around.  I'm a person who thinks Israel absolutely has a right to exist but also that the Palestinian people were displaced in the creation of the state and have lived essentially as second class citizens in what was also land that they occupied and felt cultural and religious ties to.  It's all very messy and a difficult thing to see from any one side.

I would like for there to be some sort of peace in which everyone can be treated with dignity and respect.  Terroristic action is unacceptable under any circumstance.  Practicing what in many ways resembles apartheid is also unacceptable.",Strongly agree,Somewhat agree,Somewhat disagree,Strongly Disagree,Somewhat disagree,Strongly agree,Somewhat agree,Neither agree or disagree
2024-04-28 09:32:11,2024-04-28 09:34:48,IP Address,174.211.183.205,100,157,True,2024-04-28 09:34:49,R_3LMttFqXUspfEln,,,,,27.9482,-82.5036,anonymous,EN,Bachelor's Degree,35 to 44,Latino/Hispanic,Male,I am not religious,Strongly Disagree,Strongly Disagree,Strongly Disagree,Strongly Disagree,Neither agree nor disagree,Neither agree nor disagree,Strongly Disagree,Neither agree nor disagree,,,,,,,,I have read this post.,"Very long. ",Strongly agree,Somewhat agree,Strongly agree,Neither agree or disagree,Neither agree or disagree,Somewhat agree,Neither agree or disagree,Neither agree or disagree
2024-04-28 11:36:54,2024-04-28 11:41:27,IP Address,166.205.87.39,100,273,True,2024-04-28 11:41:28,R_2KowZHepft40er1,,,,,38.6226,-121.3885,anonymous,EN,Postgraduate Degree,25 to 34,White,Male,I am not religious,Somewhat disagree,Somewhat disagree,Strongly Disagree,Neither agree nor disagree,Strongly agree,Somewhat agree,Strongly Disagree,Somewhat agree,,,I have read this post.,,,,,,"Its a new perspective I haven't considered. I am not an expert on these issues. I have limited and extremely high-level understanding of the situation. I hope that Hamas does not turn into Isreal's version of the Vietnam war. ",Somewhat agree,Somewhat agree,Neither agree or disagree,Somewhat agree,Neither agree or disagree,Somewhat agree,Somewhat disagree,Somewhat disagree
2024-04-28 13:23:24,2024-04-28 13:32:58,IP Address,207.229.130.67,100,573,True,2024-04-28 13:33:01,R_83BWq79EpoHuVko,,,,,41.9703,-87.664,anonymous,EN,Bachelor's Degree,65 or over,White,Female,Buddhist,Strongly Disagree,Strongly Disagree,Strongly Disagree,Neither agree nor disagree,Strongly agree,Neither agree nor disagree,Strongly Disagree,Strongly agree,,,,,,,,,"It is not ‚Äútit for tat ‚Äú the end goal is the freedom of the hostages. ",Strongly agree,Strongly agree,Strongly Disagree,Neither agree or disagree,Somewhat agree,Strongly agree,Somewhat agree,Somewhat agree
2024-04-28 15:29:03,2024-04-28 15:35:42,IP Address,108.48.91.62,100,398,True,2024-04-28 15:35:42,R_7EyS9NJUfl9X2sZ,,,,,38.8597,-77.198,anonymous,EN,Postgraduate Degree,25 to 34,Middle Eastern,Male,Jewish,Somewhat disagree,Neither agree nor disagree,Strongly Disagree,Somewhat disagree,Strongly agree,Strongly agree,Strongly Disagree,Somewhat disagree,I have read this post.,,,,,,,,"It reads as if said by someone who has little historical context for the Israeli-Arab conflict or greater Middle East atmosphere. Why can‚Äôt we get a long sounds great until someone doesn‚Äôt want to. ",Strongly agree,Strongly Disagree,Neither agree or disagree,Neither agree or disagree,Strongly agree,Somewhat agree,Strongly Disagree,Strongly agree
2024-04-28 15:48:55,2024-04-28 15:51:59,IP Address,107.77.197.150,100,184,True,2024-04-28 15:52:00,R_2RMyK5bMZOq36AF,,,,,32.7797,-96.8022,anonymous,EN,Postgraduate Degree,25 to 34,White,Female,I am not religious,Strongly Disagree,Neither agree nor disagree,Strongly Disagree,Strongly agree,Somewhat agree,Strongly agree,Strongly Disagree,Strongly agree,,I have read this post,,,,,,,"Inflammatory and derogatory ",Strongly agree,Strongly agree,Strongly Disagree,Strongly Disagree,Strongly Disagree,Strongly agree,Strongly agree,Somewhat disagree
2024-04-28 15:53:45,2024-04-28 16:02:56,IP Address,174.210.167.92,100,550,True,2024-04-28 16:02:57,R_3UuYEkxKJDi087L,,,,,39.0679,-94.713,anonymous,EN,Postgraduate Degree,25 to 34,White,Female,Jewish,Somewhat disagree,Somewhat disagree,Strongly Disagree,Somewhat agree,Strongly agree,Strongly agree,Strongly Disagree,Somewhat agree,,,,,,,,I have read this post.,"I felt like the person expressing their thoughts was somewhat justified in what they were saying, but also felt like claiming that Israel is becoming a dictatorship was going a little too far. I do believe Israel to be a democratic country, and that while Bibi is leading the country and the war efforts poorly, but I don‚Äôt think that makes him a dictator per se. I am worried that someone saying Israel feels like it‚Äôs becoming a dictatorship is equating the Israeli government with Hamas. At the same time, I don‚Äôt think it‚Äôs crazy that a revolution is the suggested solution. Things must change, and both the current Israeli government and Hamas need to no longer be in power. ",Strongly agree,Somewhat agree,Strongly Disagree,Somewhat agree,Somewhat agree,Strongly agree,Strongly Disagree,Somewhat agree
2024-04-28 16:22:47,2024-04-28 16:27:28,IP Address,174.195.88.118,100,280,True,2024-04-28 16:27:28,R_3lyJ6lAJugGz9V8,,,,,37.7906,-122.2412,anonymous,EN,Bachelor's Degree,25 to 34,White,Female,Jewish,Somewhat disagree,Somewhat agree,Strongly Disagree,Neither agree nor disagree,Neither agree nor disagree,Neither agree nor disagree,Somewhat disagree,Strongly agree,,,,I have read this post.,,,,,This is extremely Islamophobic and biased and shows ignorance for how Israel takes prisoner. I am personally very offended by some of the pro Israel narratives obsession with labeling everyone a terrorist.,Strongly agree,Strongly agree,Strongly Disagree,Strongly Disagree,Strongly Disagree,Strongly agree,Somewhat agree,Strongly Disagree
2024-04-28 16:52:25,2024-04-28 16:59:09,IP Address,99.127.25.104,100,403,True,2024-04-28 16:59:10,R_3ris5oY3Ne7ONCt,,,,,35.0562,-80.8194,anonymous,EN,Bachelor's Degree,25 to 34,Other,Male,I am not religious,Strongly Disagree,Somewhat agree,Strongly Disagree,Neither agree nor disagree,Somewhat agree,Somewhat disagree,Strongly Disagree,Strongly agree,,,,,,,I have read this post.,,"most likely? 2 state solution 
most desirable, though not necessarily practical? 1 new-state solution ",Strongly agree,Somewhat agree,Neither agree or disagree,Strongly Disagree,Somewhat disagree,Strongly agree,Neither agree or disagree,Somewhat disagree
2024-04-28 17:07:58,2024-04-28 17:20:21,IP Address,174.238.96.134,100,743,True,2024-04-28 17:20:22,R_2GQf2W1fuRFdASZ,,,,,35.7109,-78.6594,anonymous,EN,Postgraduate Degree,25 to 34,White,Female,Other,Strongly Disagree,Strongly Disagree,Strongly Disagree,Neither agree nor disagree,Strongly agree,Neither agree nor disagree,Strongly Disagree,Strongly agree,,I have read this post,,,,,,,"Honestly, I had to google some of the words and comments for context. I also don‚Äôt understand why Columbia would make the rest of the year virtual‚Ä¶. I haven‚Äôt really been following very closely, so this was new news to me. I feel very confused. I‚Äôm a self described Pacifist. I indicated my religion as ‚ÄúOther‚Äù but that‚Äôs only because I don‚Äôt identify as Christian Catholic or Protestant. I‚Äôm a contemporary Christian, I guess you‚Äôd say. Baptized Baptist, but don‚Äôt really follow a particular sect. So I understand and see the value in Israel as a state. For my religion too, which is closely tied to Judaism. I don‚Äôt agree with the comment under the link in this survey. I refrain from strong language such as ‚Äúlibtard‚Äù because it is polarizing. I don‚Äôt think Muslims are looking for a break from monotomy. But that doesn‚Äôt mean I agree with their behavior, either. Celebrating the end of the semester going virtual seems so irrelevant in comparison to the reality of the situation over in Israel/ Palestine. It‚Äôs stupid to me. Virtual schooling has no impact on the conflict. As for funding by Patriot‚Äôs owner, that‚Äôs a whole separate issue. I have very strong feelings against the hold that people with money have over literally every institution. I don‚Äôt know anything about the owner and his views on the conflict, so I can‚Äôt comment on that and would need to do more research. Hopefully this response is helpful. I‚Äôll get off my soapbox now. ",Somewhat agree,Somewhat agree,Neither agree or disagree,Neither agree or disagree,Somewhat agree,Strongly agree,Somewhat agree,Neither agree or disagree
2024-04-28 17:05:16,2024-04-28 17:36:20,IP Address,108.94.105.104,100,1864,True,2024-04-28 17:36:21,R_1d4bbJwyn6oOtUP,,,,,35.9968,-78.8955,anonymous,EN,Bachelor's Degree,18 to 24,White,Male,Jewish,Strongly Disagree,Somewhat agree,Strongly Disagree,Somewhat agree,Somewhat agree,Somewhat agree,Strongly Disagree,Strongly agree,,,,,I have read this post.,,,,"I agree on some points, though some parts seem a bit tone deaf. I don‚Äôt think this person is very familiar with the history of the region and why each side is so committed to their perspectives and sides of the war based on past experiences and lost lives.",Strongly agree,Somewhat disagree,Strongly Disagree,Strongly Disagree,Somewhat disagree,Strongly agree,Somewhat disagree,Somewhat agree
2024-04-28 17:47:02,2024-04-28 17:54:17,IP Address,75.85.72.176,100,434,True,2024-04-28 17:54:17,R_7Y687pMpGuGG6EF,,,,,21.3454,-158.0842,anonymous,EN,Bachelor's Degree,25 to 34,White,Male,I am not religious,Strongly Disagree,Neither agree nor disagree,Neither agree nor disagree,Neither agree nor disagree,Somewhat agree,Somewhat agree,Strongly Disagree,Strongly agree,I have read this post.,,,,,,,,"I agree a two state solution sounds viable, however I am not a politician or policy maker. I don‚Äôt not know all the nuances behind such an action. If they were to split, ultimately the Israel would remain allies with the US and others. The whatever becomes of the West Bank would also gain allies (likely Iran, Russia and China since the US is backing the West Banks enemies). Nations get in to conflict and even as separate states, if they were to fight again, now there‚Äôs potential to spread similar to how WW1 drew the entire planet in to conflict. ",Strongly agree,Strongly agree,Neither agree or disagree,Neither agree or disagree,Somewhat agree,Strongly agree,Somewhat agree,Somewhat agree
2024-04-28 18:07:03,2024-04-28 18:13:37,IP Address,99.238.158.16,100,394,True,2024-04-28 18:13:38,R_5LYH41uuo99WEUS,,,,,43.6859,-79.3974,anonymous,EN,Postgraduate Degree,25 to 34,White,Female,Jewish,Strongly Disagree,Somewhat disagree,Strongly Disagree,Somewhat agree,Strongly agree,Somewhat agree,Strongly Disagree,Strongly agree,,,I have read this post.,,,,,,"I think it includes some legitimate criticisms of Israel‚Äôs military actions, but is not highly credible or reliable due to numerous grammatical and spelling errors. I don‚Äôt trust random Reddit posters with factual journalistic output.",Strongly agree,Strongly agree,Neither agree or disagree,Strongly Disagree,Strongly Disagree,Strongly agree,Somewhat disagree,Somewhat disagree
2024-04-28 18:59:06,2024-04-28 19:05:36,IP Address,100.16.233.164,100,390,True,2024-04-28 19:05:37,R_7DjfK2BhhBNH3nk,,,,,38.9894,-76.5494,anonymous,EN,Bachelor's Degree,25 to 34,Native American,Male,Christian (Protestant),Strongly Disagree,Neither agree nor disagree,Strongly Disagree,Strongly Disagree,Strongly agree,Somewhat agree,Strongly Disagree,Strongly agree,,,I have read this post.,,,,,,,Strongly agree,Strongly agree,Neither agree or disagree,Neither agree or disagree,Strongly agree,Neither agree or disagree,Strongly Disagree,Strongly agree
2024-04-28 19:03:18,2024-04-28 19:07:17,IP Address,195.252.220.181,100,239,True,2024-04-28 19:07:18,R_5KZt4uBi51e0pFL,,,,,40.4444,-86.9256,anonymous,EN,Bachelor's Degree,25 to 34,Asian,Male,I am not religious,Strongly Disagree,Somewhat agree,Strongly Disagree,Somewhat agree,Somewhat disagree,Neither agree nor disagree,Neither agree nor disagree,Strongly agree,I have read this post.,,,,,,,,"Well intentioned but uninformed. Ignores that the scale of the violence is disproportionate from Israel‚Äôs side, as it has killed far more civilians than Hamas. Treats the issue too simply as a both sides thing, when the power dynamic is hugely unbalanced",Strongly agree,Strongly agree,Somewhat disagree,Strongly Disagree,Strongly Disagree,Strongly agree,Strongly agree,Strongly Disagree
2024-04-28 19:16:55,2024-04-28 19:21:09,IP Address,135.180.194.90,100,254,True,2024-04-28 19:21:10,R_5LCr0mJKzecT4bq,,,,,37.8637,-122.276,anonymous,EN,Bachelor's Degree,25 to 34,Latino/Hispanic,Male,I am not religious,Strongly Disagree,Somewhat disagree,Strongly Disagree,Neither agree nor disagree,Somewhat agree,Neither agree nor disagree,Strongly Disagree,Neither agree nor disagree,,,,,,I have read this post,,,Dude what? It's a post for a job opportunity.,Neither agree or disagree,Neither agree or disagree,Neither agree or disagree,Neither agree or disagree,Neither agree or disagree,Somewhat agree,Neither agree or disagree,Neither agree or disagree
2024-04-28 19:37:29,2024-04-28 19:40:22,IP Address,24.78.186.100,100,172,True,2024-04-28 19:40:22,R_7TMMWyVNVyFCjAp,,,,,49.8179,-97.1535,anonymous,EN,Bachelor's Degree,18 to 24,White,Female,Jewish,Somewhat agree,Strongly Disagree,Strongly Disagree,Neither agree nor disagree,Strongly agree,Strongly agree,Strongly Disagree,Strongly agree,,,,I have read this post.,,,,,"I don‚Äôt disagree why are terrorists lives more valuable than innocent civilians? ",Strongly agree,Strongly agree,Neither agree or disagree,Neither agree or disagree,Strongly agree,Strongly agree,Strongly agree,Somewhat disagree
2024-04-28 19:53:15,2024-04-28 19:55:56,IP Address,50.237.87.214,100,161,True,2024-04-28 19:55:57,R_1f1H0DD2zdADk2X,,,,,35.0761,-89.8547,anonymous,EN,Postgraduate Degree,25 to 34,Asian,Male,Muslim,Strongly Disagree,Neither agree nor disagree,Strongly Disagree,Neither agree nor disagree,Somewhat disagree,Somewhat disagree,Somewhat disagree,Strongly agree,,I have read this post,,,,,,,brainrot,Strongly agree,Strongly agree,Somewhat agree,Strongly Disagree,Strongly Disagree,Strongly agree,Somewhat agree,Strongly Disagree
2024-04-28 21:23:10,2024-04-28 21:25:52,IP Address,73.224.20.232,100,161,True,2024-04-28 21:25:53,R_2WujCsHElEKrmpC,,,,,29.9488,-81.5361,anonymous,EN,Bachelor's Degree,25 to 34,White,Female,Jewish,Somewhat agree,Somewhat agree,Somewhat agree,Neither agree nor disagree,Strongly agree,Somewhat agree,Strongly Disagree,Somewhat disagree,,,,,I have read this post.,,,,"Deductive, and don‚Äôt agree with a lot of the claims. ",Strongly agree,Strongly Disagree,Neither agree or disagree,Somewhat agree,Strongly agree,Strongly agree,Strongly Disagree,Strongly agree
2024-04-28 21:39:36,2024-04-28 21:45:30,IP Address,96.21.4.51,100,353,True,2024-04-28 21:45:30,R_1ZGdUXfQOhPyNGh,,,,,45.4738,-73.5875,anonymous,EN,Bachelor's Degree,25 to 34,Other,Non-binary,Jewish,Strongly Disagree,Somewhat disagree,Strongly Disagree,Strongly agree,Somewhat disagree,Somewhat disagree,Strongly Disagree,Strongly agree,,,,,,,I have read this post.,,"Simplifies the situation too much, and the pros and cons of each are clearly not objective pros and cons - they are tainted by the writer‚Äôs perspective on the situation and not neutral.",Strongly agree,Strongly agree,Strongly Disagree,Strongly Disagree,Strongly Disagree,Strongly agree,Strongly agree,Strongly Disagree
2024-04-28 22:13:05,2024-04-28 22:15:27,IP Address,198.27.188.26,100,142,True,2024-04-28 22:15:28,R_5uK8sjJyEvkpx9v,,,,,37.747,-122.4389,anonymous,EN,Postgraduate Degree,35 to 44,White,Female,Jewish,Strongly Disagree,Neither agree nor disagree,Strongly Disagree,Somewhat agree,Strongly agree,Strongly agree,Strongly Disagree,Somewhat agree,,,,,,,I have read this post.,,"It provides a variety of options (to varying degrees of feasibility) and treats them by and large as equally as valuable and likely. ",Strongly agree,Somewhat disagree,Strongly Disagree,Somewhat disagree,Somewhat agree,Somewhat agree,Strongly Disagree,Strongly agree
2024-04-28 23:17:31,2024-04-28 23:32:27,IP Address,76.155.70.237,100,895,True,2024-04-28 23:32:27,R_5iNCAjYzY94awI9,,,,,39.7067,-104.9694,anonymous,EN,Bachelor's Degree,18 to 24,White,Male,Jewish,Strongly Disagree,Neither agree nor disagree,Strongly Disagree,Somewhat disagree,Strongly agree,Somewhat agree,Strongly Disagree,Neither agree nor disagree,,,,,,,I have read this post.,,"It makes clear that there‚Äôs a great deal of complexity with any political solution to the Israel-Palestine conflict (including the status quo). It certainly proposes a few possibilities of which I hadn‚Äôt conceived. ",Strongly agree,Somewhat disagree,Somewhat disagree,Somewhat disagree,Neither agree or disagree,Strongly agree,Neither agree or disagree,Strongly agree
2024-04-29 08:06:18,2024-04-29 08:13:56,IP Address,116.65.133.210,100,458,True,2024-04-29 08:13:58,R_4MRKVhwh0uF6d7N,,,,,35.2813,139.6798,anonymous,EN,Bachelor's Degree,25 to 34,Latino/Hispanic,Male,Christian (Protestant),Neither agree nor disagree,Strongly Disagree,Neither agree nor disagree,Neither agree nor disagree,Somewhat agree,Strongly agree,Somewhat disagree,Somewhat agree,,,,,,,,I have read this post.,Israeli leadership fail to see human aspect of suffering and continue to make decisions in support of their regime vice being good humans. I support Israel as a member of the armed forces and treaties I‚Äôm bound too but do not personally support their actions to continue to isolate Gaze from basic human needs. It feels no one wants to be a good person.,Strongly agree,Somewhat agree,Somewhat agree,Neither agree or disagree,Somewhat disagree,Somewhat agree,Somewhat agree,Neither agree or disagree
2024-04-29 11:45:02,2024-04-29 11:52:22,IP Address,100.6.104.200,100,439,True,2024-04-29 11:52:23,R_5Ge6m0whlapEHVT,,,,,40.3685,-80.0504,anonymous,EN,Postgraduate Degree,25 to 34,White,Female,Jewish,Strongly Disagree,Strongly Disagree,Strongly Disagree,Strongly agree,Strongly agree,Somewhat agree,Strongly Disagree,Strongly agree,,,I have read this post.,,,,,,"It only make Israel look bad and doesn't paint the whole picture of the tragedy that occurred on October 7th. Nothing was mentioned about the treatment of the trauma that survivors have been through or doesn't say anything about the hostages themselves. ",Strongly agree,Strongly agree,Strongly Disagree,Somewhat disagree,Strongly agree,Strongly agree,Strongly Disagree,Strongly agree
2024-04-29 15:08:11,2024-04-29 15:11:46,IP Address,35.151.91.139,100,215,True,2024-04-29 15:11:47,R_2G6NQQQvMyCl0Ir,,,,,39.4987,-119.8202,anonymous,EN,Postgraduate Degree,25 to 34,White,Female,I am not religious,Strongly Disagree,Neither agree nor disagree,Strongly Disagree,Somewhat agree,Somewhat agree,Somewhat disagree,Somewhat disagree,Strongly agree,,,,,,I have read this post,,,I am not sure what this was.,Strongly agree,Somewhat agree,Neither agree or disagree,Somewhat disagree,Somewhat disagree,Strongly agree,Somewhat agree,Somewhat disagree
2024-04-29 17:59:36,2024-04-29 18:02:38,IP Address,72.192.117.118,100,182,True,2024-04-29 18:02:39,R_3Vu1ru48fJjSuCR,,,,,36.0934,-95.8791,anonymous,EN,Postgraduate Degree,35 to 44,Asian,Female,Jewish,Strongly Disagree,Strongly agree,Strongly Disagree,Strongly agree,Somewhat agree,Strongly agree,Strongly Disagree,Strongly agree,,,,I have read this post.,,,,,"Emotional, lacks real numbers 
Pro Israel ",Strongly agree,Strongly agree,Strongly Disagree,Strongly Disagree,Somewhat disagree,Strongly agree,Somewhat agree,Somewhat agree
2024-04-29 18:23:14,2024-04-29 18:28:26,IP Address,166.199.152.112,100,312,True,2024-04-29 18:28:27,R_8QfCZLwLQnggtEc,,,,,41.8719,-87.6589,anonymous,EN,Postgraduate Degree,35 to 44,Other,Female,Jewish,Strongly Disagree,Neither agree nor disagree,Strongly Disagree,Neither agree nor disagree,Strongly agree,Strongly agree,Strongly Disagree,Neither agree nor disagree,,,,,,,,I have read this post.,"Everyone is entitled to their opinions. I don‚Äôt know if I agree that a revolution is what‚Äôs best - Bibi has to go, but a civil revolution would make Israel vulnerable to attack again. ",Strongly Disagree,Neither agree or disagree,Strongly Disagree,Neither agree or disagree,Neither agree or disagree,Strongly agree,Strongly Disagree,Strongly agree
2024-04-29 18:55:00,2024-04-29 19:01:13,IP Address,198.255.229.39,100,372,True,2024-04-29 19:01:13,R_1cLuLKgrVlmkSnT,,,,,43.6842,-70.2816,anonymous,EN,Bachelor's Degree,35 to 44,White,Female,Other,Strongly Disagree,Somewhat disagree,Strongly Disagree,Neither agree nor disagree,Somewhat agree,Neither agree nor disagree,Strongly Disagree,Strongly agree,,,,I have read this post.,,,,,Bias,Strongly agree,Strongly agree,Strongly Disagree,Strongly Disagree,Somewhat disagree,Strongly agree,Somewhat agree,Somewhat disagree
2024-04-29 19:00:42,2024-04-29 19:07:32,IP Address,174.100.204.165,100,410,True,2024-04-29 19:07:33,R_1FEWlWhMu3DT781,,,,,41.4712,-81.5248,anonymous,EN,Postgraduate Degree,65 or over,White,Female,Jewish,Somewhat agree,Somewhat disagree,Strongly Disagree,Neither agree nor disagree,Strongly agree,Strongly agree,Strongly Disagree,Neither agree nor disagree,,,I have read this post.,,,,,,"It sounds so ignorant like they are just parroting what they have heard and it is written so poorly that it is hard to respect the writer. ",Strongly agree,Strongly Disagree,Neither agree or disagree,Strongly Disagree,Strongly agree,Strongly agree,Strongly Disagree,Strongly agree
2024-04-30 04:14:46,2024-04-30 04:26:33,IP Address,76.106.100.6,100,706,True,2024-04-30 04:26:34,R_5WpOeeUOAwkXvUd,,,,,38.9011,-77.0452,anonymous,EN,Bachelor's Degree,35 to 44,White,Female,Jewish,Somewhat disagree,Strongly Disagree,Neither agree nor disagree,Somewhat agree,Strongly agree,Strongly agree,Strongly Disagree,Strongly agree,,,,,,,,I have read this post.,"I agr√©e that it is not a genocide. I agree that Netanyahu is a bad leader. I believe he and the IDF have committed war crimes and should be tried appropriately. The civilian toll is too great. However, I think a revolution would further destabilize the Middle East ",Strongly agree,Neither agree or disagree,Somewhat disagree,Strongly Disagree,Neither agree or disagree,Strongly Disagree,Somewhat disagree,Somewhat agree
2024-04-30 08:14:55,2024-04-30 08:25:20,IP Address,24.45.226.53,100,624,True,2024-04-30 08:25:21,R_5DZrt6nZMQqdlBg,,,,,41.0641,-73.548,anonymous,EN,Bachelor's Degree,35 to 44,White,Male,I am not religious,Strongly Disagree,Somewhat agree,Strongly Disagree,Neither agree nor disagree,Strongly agree,Somewhat agree,Strongly Disagree,Somewhat agree,,,I have read this post.,,,,,,"As with many posts on social media there is always some truth however the lens this post is being written from is clearly very biased against Israel.   

Let's start with the authors views on the IDF.  Not totally wrong - the IDF has a large/technologically advanced military.  They fly some of the newest/latest/greatest planes (US made F35's, etc).  With that said, the force is also comprised of conscripts (use whatever term you want) and simply put the IDF is not all professional soldiers.  In the middle of combat do they make mistakes?  Yes.  Have they killed both innocent children and members of the media?  Yes.  Is this wrong?  YES!  However this is part of the overall collateral damage of war.  War is HELL.  People on both sides get hurt and die.  The 'good side' doesn't always win.  

Is Israel morally bankrupt?  I guess the answer depends on the view point.  Using two extreme examples:
1. If you lived in Gaza and were forced from your home, and are now on the brink of starvation?  Yes
2. If you lived 30 miles to the east, and watched as your elderly uncles were shot and killed, and then had your very own grandmother taken from her home and held as a hostage - I would imagine your viewpoint would be different.  

It's very difficult to call one side 'morally bankrupt' when BOTH SIDES have participated in terrorism and crimes against humanity.  ",Strongly agree,Strongly agree,Somewhat agree,Neither agree or disagree,Somewhat agree,Somewhat agree,Neither agree or disagree,Somewhat agree
2024-04-30 12:12:14,2024-04-30 12:18:57,IP Address,76.126.140.83,100,402,True,2024-04-30 12:18:58,R_7go2u6pVc497435,,,,,37.7703,-122.4407,anonymous,EN,Bachelor's Degree,35 to 44,White,Male,I am not religious,Strongly Disagree,Somewhat disagree,Strongly Disagree,Neither agree nor disagree,Neither agree nor disagree,Somewhat agree,Strongly Disagree,Strongly agree,,,,I have read this post.,,,,,"It is a commendable attempt to quantify the ""justness"" of the prisoner exchanges that have been happening. I take it with a grain of salt, because I do not know about the base statement (that the ratios are ""insane"" - what ratio would that be?). And even if a ratio was stated, I'd have doubts whether it's true or not, given the context of this post",Somewhat agree,Somewhat disagree,Neither agree or disagree,Somewhat disagree,Somewhat agree,Somewhat agree,Somewhat disagree,Neither agree or disagree
