StartDate,EndDate,Status,IPAddress,Progress,Duration (in seconds),Finished,RecordedDate,ResponseId,RecipientLastName,RecipientFirstName,RecipientEmail,ExternalReference,LocationLatitude,LocationLongitude,DistributionChannel,UserLanguage,Education,Age,Race,Gender,Religion,Q1A,Q2A,Q3A,Q4A,Q5A,Q6A,Q7A,Q8A,N0,N1,N2,N3,N4,N5,N6,N7,Narrative Reflection,Q1B,Q2B,Q3B,Q4B,Q5B,Q6B,Q7B,Q8B
Start Date,End Date,Response Type,IP Address,Progress,Duration (in seconds),Finished,Recorded Date,Response ID,Recipient Last Name,Recipient First Name,Recipient Email,External Data Reference,Location Latitude,Location Longitude,Distribution Channel,User Language,What is your level of education?,What is your age group?,Which of the racial designations below best describe you?,What is your gender identity?,"What religion do you associate with, if any?",I would not mind if a qualified Muslim were my boss.,I would marry - or support one of my children marrying - a Muslim.,Muslims and the average person are different in the values they teach their children.,Most politicians care too much about Muslims and not enough about the average person.,The actions taken by Israel in response to October 7th are justifiable.,Humanitarian aid should be increased to the civilian populations affected by this conflict.,Israel is engaging in action that could be classified as genocide against Palestinians.,The United States should maintain its military support for Israel.,"Please read the following social media post:

Preface: I am Jewish. I would not say I support Israel, but I do favor a two state solution. Sort of a ""Why can't we all just get along?""


What is it that seems to have everyone so anti-Israel right now? I know there's always war in the middle east, but tensions have risen a ton as of late. Hamas attacked Israel in October, and I know that Israel is fighting back, often in less than ethical ways. But aren't Hamas and Palestine also committing crimes and being violent against Israelis? Why has the general attitude turned so anti-Israel in what's going on?

The people who answer questions here are awesome","Please read the following social media post:

https://twitter.com/i/status/1782826724813656361

How is any of this free mixing, dancing, playing the annoying dammi falastini song helping the people in Palestine? These ""protests"" are just a cesspool for killing time and a break from their monotonous lives. And they think they'll get Allah's help by doing so. What a bunch of libtards.","Please read the following social media post:

It's crazy to me that israel went to be known as this tourist hub known for beaches and clubs and this reputation for human rights and democracy. A destination for many and example for all especially to the middle-east to basically a laughing stock and being revealed as a morally bankrupt state.

First let's start with the IDF losing any source of credibility. Many people love making fun of hamas ministry of health numbers saying how little trust they have in them. Well guess what to the majority of people the IDF numbers and reputation matches Hamas.

Just looks at all these IDF examples.

IDF killing IDF soldiers:
https://www.nbcnews.com/news/world/nearly-15-israeli-soldiers-killed-gaza-died-due-friendly-fire-accident-rcna129285

IDF killing israel hostages:
https://www.timesofisrael.com/idf-troops-mistakenly-open-fire-and-kill-3-hostages-in-northern-gaza-battlefield/

IDF killing peace envoys:
https://www.npr.org/2024/04/01/1242177519/world-central-kitchen-workers-deaths-gaza

IDF killing palestian icivilians
https://www.theguardian.com/world/2024/apr/02/gaza-palestinian-children-killed-idf-israel-war

IDF killing israel civilians:
https://www.reuters.com/world/middle-east/israeli-military-opens-probe-into-reports-oct-7-friendly-fire-deaths-2024-02-06/

IDF soldiers acting as kids:
https://www.pbs.org/newshour/world/videos-of-israeli-soldiers-acting-maliciously-emerge-amid-international-outcry-against-tactics-in-gaza

IDF supporting a man made famine:
https://www.washingtonpost.com/world/2024/02/10/gaza-aid-blockade-protest-kerem-shalom/

I mean the examples goes on and on. It's a shame this sub-redditt doesn't allow videos because the videos I can post about the IDF army and their behavior are countless for any one video you could post , i can provide five its insane. At one point the IDF had this reputation of being a supreme military force that was an envy to other world military forces. Guess what that's down the drain. The IDF record at fighting in the ground against hamas has been terrible, they basically only have an advantage when it comes to dropping bombs from an airplane to a force that has no air power. Their fighting a military force that is using Soviet era machine guns while they have 21st century armory and have a poor record. Can't tell you how many military podcasts make fun of the ineptitude of the IDF on the ground.

https://foreignpolicy.com/2023/10/26/israel-hamas-gaza-military-idf-technology-surveillance-fence-strategy-ground-war/

And what a hungry for blood mentality by israel , I don't see many people on this sub-reddit talk about the embassy bombing in syria. But its hard to even find a modern example of another country attacking an embassy. Under the 1961 Vienna convention on diplomatic immunity, the premises of a diplomatic mission are inviolable. I mean you can just feel the Telegram of israel wanting iran to retaliate to justify a Lebanese invasion or spreading the war to Iran. If I was a citizen I would be outraged my country is trying to expand the war. But guess what netanyahu is trying his hardest to stay in power and you smucks are happy letting him play a political game while we're seeing one of the worst modern massacres of our life time. Yes let's tie a war with a politician that's trying to remain in power so he won't go to jail for corruption, I don't see anything wrong with that

Every single international body, almost every citizen in all countries have been shocked and distrusted by the actions of the IDF and the israel government. The amount of tourists that will go to israel will decrease the amount of citizens leaving the country is also increasing. Honestly seeing a country going from 100 to 0 is quite amazing but somehow israel is doing it. You have support of the U.S government, the president of the united states calls himself a proud zionest and many still pretend that nobody supports israel and you are all being malignant attacked for your religion when infact your actions is what anybody needs to judge you fairly.

Many comments are going to reply what do you expect a country to do post oct 7, well it's definitely not what been happening for these past 5 month, hopefully countries have a playbook on what not to do by not following this inept country and it's military.","Please read the following social media post:

I was looking at the number of Palestinians terrorists released for each hostage both in the past and in the current situation and the ratio is insane.

As someone who fully supports Israel why does this happen ?

Is there really so much leverage on their side that for each hostage so many terrorists need to be released ?

If anything, multiple hostages should be released for each terrorist !","Please read the following social media post:

I said what I said. I can‚Äôt fathom why people could so strongly support either the state of Israel or a Hamas-led Palestinian state. Both have been committing unspeakable acts against each other. Going back in history, sure, Israel‚Äôs offensive has led to more Palestinian deaths than vice versa. That is the outcome of having U.N. aide and support. Is it wrong to say that if you choose Israel or Palestine, you are just blindly supporting your own racist ideologies? I feel as if people are choosing white vs. brown when it is so much more complex than that. Should I, as a Christian, be under the belief that we should take Jerusalem back for ourselves? No. But we have just as much claim over that Holy land that Jews or Muslims would? So why are we acting like Palestine is in the right, or that Israel is in the right? Being pro-Israel does not call for a ceasefire. It calls for brutal retaliation that no good human or practicing Christian or Jew should support this or the things they have doen in the past to oppress Palestinians. Being pro-Palestine does not call for a ceasefire, it further creates tension and the divide only grows stronger. No Christian or Muslim should support the things they have done. You are not advocating for peace if you are only advocating for donating and helping one side. Just my two cents, as a local white boy! Not sure if my race matters, but race seems to be all that matters to a lot of pro-Israel or pro-Palestine supporters! I am not spewing pro-Zionist bullshit here. Calling for peace is not pro-Israel. And it‚Äôs not pro-Palestine. It‚Äôs being a good human with proper morals. The divide is so strong already in the Middle East, it shouldn‚Äôt extend to the States and the UK, we should all be denouncing both.","Please read the following social media post:

Company: Natera Location: Afghanistan Albania Algeria Andorra Angola Antarctica Armenia Austria Azerbaijan Bahrain Belarus Belgium Benin Bosnia and Herzegovina Botswana Bouvet Island Bulgaria Burkina Faso Burundi Cabo Verde Cameroon Central African Republic Chad Comoros Congo Congo, The Democratic Republic of the Cook Islands Croatia Cura√ßao Cyprus Czechia C√¥te d'Ivoire Denmark Djibouti Egypt Equatorial Guinea Eritrea Estonia Eswatini Ethiopia Faroe Islands Finland France French Guiana French Southern Territories Gabon Gambia Georgia Germany Ghana Gibraltar Greece Greenland Guadeloupe Guernsey Guinea Guinea-Bissau Heard Island and McDonald Islands Holy See (Vatican City State) Hungary Iceland Iran Iraq Ireland Isle of Man Israel Italy Jersey Jordan Kazakhstan Kenya Kuwait Kyrgyzstan Latvia Lebanon Lesotho Liberia Libya Liechtenstein Lithuania Luxembourg Madagascar Malawi Mali Malta Martinique Mauritania Mauritius Mayotte Moldova Monaco Montenegro Morocco Mozambique Namibia Netherlands Niger Nigeria North Macedonia Norway Oman Palestine, State of Poland Portugal Qatar Romania Russian Federation Rwanda R√©union Saint Barth√©lemy Saint Helena, Ascension and Tristan da Cunha Saint Martin (French part) Saint Pierre and Miquelon San Marino Sao Tome and Principe Saudi Arabia Senegal Serbia Seychelles Sierra Leone Sint Maarten (Dutch part) Slovakia Slovenia Somalia South Africa South Sudan Spain Sudan Svalbard and Jan Mayen Sweden Switzerland Syrian Arab Republic Tajikistan Tanzania Togo Tunisia Turkey Turkmenistan Uganda Ukraine United Arab Emirates United Kingdom Uzbekistan Western Sahara Yemen Zambia Zimbabwe √Öland Islandsüìç

Date Posted: April 23, 2024 üìÖ

Apply & Description üëâ
https://jobboardsearch.com/redirect?utm_source=reddit&utm_medium=bot&utm_id=jobboarsearch&utm_term=himalayas.app&rurl=aHR0cHM6Ly9oaW1hbGF5YXMuYXBwL2NvbXBhbmllcy9naXRsYWIvam9icy9zaXRlLXJlbGlhYmlsaXR5LWVuZ2luZWVyLW9ic2VydmFiaWxpdHktZW1lYQ==","Please read the following social media post:

* Maintaining the status quo (Self-evident)

Why it might work- Neither side can agree on a solution, and forcing a solution will lead to conflict.

Why it might not- Things are getting worse, not better. Tensions and attacks on both sides will only keep increasing.

* One Israeli state (Israel annexes the West Bank and possibly Gaza)

Why it might work- It will give Palestinians full rights to live and travel in Israel, with the benefits that entails.

Why it might not- It removes Palestinian national self-determination, and it may be too complicated to control militant groups.

* One Palestinian state (Palestinians gain control of all Palestinian territories and Israel)

Why it might work- Palestinians will be able to fulfill goals of the Palestinian National Charter.

Why it might not- It removes Jewish self-determination and will likely endanger the Jewish population of Israel.

* One state for two peoples (A new country is formed that is neither Israeli nor Palestinian)

Why it might work- It's the most progressive on paper, and reaching an agreement for a two-state solution is too complicated due to both sides having strong demands.

Why it might not- Neither side want this, and it is primarily supported by foreigners who will assume that everything will work out despite the bad blood and tension between the two groups.

* Two-state solution (The division of land between the two groups, forming two states)

Why it might work- It gives both Israelis and Palestinians firm sovereign borders.

Why it might not- Neither side can agree to the various demands of the other side. Extremists may not accept the results.

* Three-state solution (Egypt annexes Gaza and Jordan annexes the West Bank)

Why it might work- It would be easier to negotiate with Egypt and Jordan, and they would be able to better control Palestinian militant groups.

Why it might not- Egypt and Jordan don't want to take the responsibility, and Palestinians would almost certainly reject it.

* Confederation (Two states with freedom of travel between each and cooperation on issues of greater importance such as security and water)

Why it might work- It gives both groups sovereignty, and the concessions made during negotiations wouldn't be as impactful and thus less resented.

Why it might not- It requires a great deal of trust between the two groups, and there is too much animosity for it to be effective.

One plan that doesn't seem to get enough attention is:

* The Federation Plan

Under the Federation Plan, Israel and the West Bank will be divided into small states. The government will lose much of it power, and each state will be controlled by a local government. This will give small-scale political self-determination while still maintaining equal rights on both a local and federal level. It will mitigate the infighting both between and within Israel and the Palestinian territories. On the other hand, it might not be feasible if the borders are drawn unfairly or if one group dominates the federal government.

What are your thoughts?","Please read the following social media post:

Hi, I'm Israeli and, 6 months after Oct. 7, I wanted to share my opinions on all this mess. I am far-left, and what I am about to say at the end will probably seem extremist and insane, but I really ask you to read the whole thing so that you understand the whole picture I'm trying to pain here. First of all, about the situation in Gaza: I have always been far-left, and I always advocated for Palestinian rights, then end of the occupation and colonization of the West Bank, etc. After Oct 7, the shock and trauma really impacted me and my opinions: I saw people advocating for the obliteration of my country, and I found myself for the first time in a long time, defending Israel and its actions. I said things like: ""Yes, what is happening to the Gazans is horrible, but the IDF does everything it can to hurt as little civilians as possible, [and it is true.](https://www.idf.il/en/mini-sites/the-hamas-terrorist-organization/how-is-the-idf-minimizing-harm-to-civilians-in-gaza/) At least it was at the start of the war. I had an argument saying that Israel only targets civilian infrastructure where Hamas terrorists are located. But when I see that [entire cities are flattened](https://www.bbc.com/news/world-middle-east-68006607), I can only conclude that this is not the case anymore. It was the case at the start of the war and in previous wars, but it is not now. However, I still do not thing this is a genocide. It is a carnage and a bloodshed, and some Israelis and Israeli politicians do want to exterminate Gazans, but it is not the goal of this war and it is certainly no the reason most Israelis supported the war in the past; they supported it because they wanted a response to the Oct 7 massacres and wanted to bring the hostages back. I say supported because, [a lot of Israelis are against this war](https://www.npr.org/2024/01/20/1225168320/israel-antiwar-movement-mothers-soldiers-gaza-war), for the return of the hostages, and the end of the bloodshed. And I'm part of them.

Now about issues on Israel itself: I don't know if all of you know this, but a few months after Bibi's (Netanyahu) ultranationalist far-right government came to power in December 2022, they wanted to pass a basic law (Israel has no constitution but it has something called [Basic Laws](https://en.wikipedia.org/wiki/Basic_Laws_of_Israel) that state how the country should be run), that pretty much made the supreme court obsolete ([details](https://en.wikipedia.org/wiki/2023_Israeli_judicial_reform)), meaning the government could do anything they wanted without any restrictions. Sounds like a dictatorship right? That's because it is, and the Israeli people understood that too, and [mass protests](https://en.wikipedia.org/wiki/2023_Israeli_judicial_reform_protests) erupted all over the country. They were however interrupted by the Oct 7 attacks.

It will not come as a surprise to a lot of Israelis, including myself, that Bibi is continuing the war to remain in power. He failed miserably to protect the country on Oct 7 and still miserably fails to bring back the hostages. He does not want to make a ceasefire and a deal because he wants to show how strong he is against Hamas. But he fails miserably even in that. Hamas terrorists managed to [return to the Al-Shifa hospital](https://www.jpost.com/israel-hamas-war/article-793708), and Hamas does not seem to lose control of Gaza. In short, Bibi is a criminal, a dictator, a horrible man for what he does to Gaza and to Israel itself, and on top of that, he fails to achieve what Israel needs while causing pain and suffering to millions of people.

So why do I say my opinions may seem extreme? Because of what I'm going to say next. Bibi said that [elections in a time of war is a bad idea](https://www.reuters.com/world/middle-east/netanyahu-dismisses-election-calls-thousands-protest-tel-aviv-2024-02-17/): ""The last thing we need right now are elections and dealing with elections, since it will immediately divide us"". So imagine the war lasts until the next elections, does this mean they will be delayed? I really believe this country is slowly turning into a full scale dictatorship. First reforms that allow the government to do whatever it wants, now a risk that elections might be delayed, what next? If the country is a dictatorship, then I believe that the only solution might be a revolution. Now hear me out, I believe that violence is always the last option. But when you see [mass protests](https://www.euractiv.com/section/global-europe/news/netanyahu-sacks-defence-minister-sparking-mass-protests/) that last for months resulting in nothing, I think we are heading to a moment where a revolution is needed. It doesn't have to be a violent one. It can be civil disobedience, mass strikes in important areas. Imagine three weeks of the whole country without electricity, fuel or water, and where hundreds of thousands of citizens at a time don't pay their taxes. The government would be forced to comply. I agree this is everything but realistic, but this is my opinion and what I think should be best. And again, we only need to do this when the situation will be extreme (when the elections are officially delayed for example) to prevent any unnecessary violent events; and also because it is true that not having fuel and electricity during a war is not the best thing. But I do believe it will be necessary if the country stays in this direction.

Most of you will probably not agree with me, and a lot of Israelis do not, but a lot of them, including myself, feel that the country's survival is at stake (as much because of Hamas than because of Bibi). Imagine your country turning into a dictatorship, I'm sure it will spark some anger in you.

All that to say that in order to end the Palestinians' suffering, to stop Israel into turning into a dictatorship, and to finally bring peace between Israelis and Palestinians, a revolution will be needed if we stay in the same path. We can always look for a better solution, but we are heading that way.

So tell me what do you think. Can you suggest another solution? Or if you really do not agree with me, explain why. I would love to have that discussion.",What are your thoughts on the social media post you just read?,You can never be really comfortable around Muslims.,I have everyday life experiences similar to those of Muslims.,Muslims are less trustworthy than the average person.,I have often felt admiration for Muslims living in the area.,The state of Israel has a legitimate right to exist.,A two state solution should be pursued by both parties as a resolution to the conflict.,Hamas' actions on October 7th were justified.,The impact on civilians in this conflict is excessively severe.
"{""ImportId"":""startDate"",""timeZone"":""Pacific/Honolulu""}","{""ImportId"":""endDate"",""timeZone"":""Pacific/Honolulu""}","{""ImportId"":""status""}","{""ImportId"":""ipAddress""}","{""ImportId"":""progress""}","{""ImportId"":""duration""}","{""ImportId"":""finished""}","{""ImportId"":""recordedDate"",""timeZone"":""Pacific/Honolulu""}","{""ImportId"":""_recordId""}","{""ImportId"":""recipientLastName""}","{""ImportId"":""recipientFirstName""}","{""ImportId"":""recipientEmail""}","{""ImportId"":""externalDataReference""}","{""ImportId"":""locationLatitude""}","{""ImportId"":""locationLongitude""}","{""ImportId"":""distributionChannel""}","{""ImportId"":""userLanguage""}","{""ImportId"":""QID15""}","{""ImportId"":""QID16""}","{""ImportId"":""QID17""}","{""ImportId"":""QID18""}","{""ImportId"":""QID19""}","{""ImportId"":""QID32""}","{""ImportId"":""QID38""}","{""ImportId"":""QID36""}","{""ImportId"":""QID35""}","{""ImportId"":""QID27""}","{""ImportId"":""QID29""}","{""ImportId"":""QID30""}","{""ImportId"":""QID28""}","{""ImportId"":""QID1""}","{""ImportId"":""QID39""}","{""ImportId"":""QID40""}","{""ImportId"":""QID41""}","{""ImportId"":""QID42""}","{""ImportId"":""QID43""}","{""ImportId"":""QID44""}","{""ImportId"":""QID45""}","{""ImportId"":""QID4_TEXT""}","{""ImportId"":""QID5""}","{""ImportId"":""QID9""}","{""ImportId"":""QID7""}","{""ImportId"":""QID8""}","{""ImportId"":""QID47""}","{""ImportId"":""QID50""}","{""ImportId"":""QID49""}","{""ImportId"":""QID51""}"
2024-04-27 12:03:30,2024-04-27 12:04:40,IP Address,97.151.219.146,100,69,True,2024-04-27 12:04:40,R_7rHLsnzkxIdhnyQ,,,,,39.3589,-76.598,anonymous,EN,Some College or Technical Training,45 to 54,Latino/Hispanic,Female,I am not religious,Somewhat disagree,Neither agree or disagree,Somewhat agree,Somewhat disagree,Neither agree or disagree,Neither agree or disagree,Somewhat disagree,Somewhat disagree,,,,,,I have read this post,,,wow,Neither agree nor disagree,Somewhat agree,Neither agree nor disagree,Neither agree nor disagree,Somewhat disagree,Somewhat agree,Neither agree nor disagree,Somewhat agree
2024-04-27 17:36:35,2024-04-27 17:38:31,IP Address,174.192.200.213,100,116,True,2024-04-27 17:38:32,R_8jTah7mccN66CJB,,,,,39.3248,-76.6062,anonymous,EN,Postgraduate Degree,25 to 34,White,Male,Jewish,Strongly agree,Somewhat disagree,Neither agree or disagree,Neither agree or disagree,Strongly agree,Neither agree or disagree,Strongly Disagree,Strongly agree,,,I have read this post.,,,,,,What a biased and incorrect opinion of the facts,Neither agree nor disagree,Somewhat disagree,Neither agree nor disagree,Somewhat disagree,Strongly agree,Somewhat disagree,Strongly Disagree,Somewhat disagree
2024-04-27 17:49:53,2024-04-27 18:02:47,IP Address,68.134.164.96,100,773,True,2024-04-27 18:02:48,R_3QWKpxwtfA4aXI4,,,,,39.1658,-76.6382,anonymous,EN,Bachelor's Degree,25 to 34,White,Female,Other,Strongly agree,Strongly agree,Somewhat disagree,Neither agree or disagree,Somewhat agree,Strongly agree,Strongly agree,Neither agree or disagree,,,,,,,,I have read this post.,"It seems informative and that the author has done their homework. Honestly because of the mixed feelings I have regarding the war between Israel and Palestine I have not been completely informed of all the details and some of these were eye opening ",Strongly Disagree,Somewhat disagree,Strongly Disagree,Neither agree nor disagree,Somewhat agree,Somewhat agree,Strongly Disagree,Strongly agree
2024-04-27 18:26:22,2024-04-27 18:33:11,IP Address,47.36.114.10,100,408,True,2024-04-27 18:33:12,R_5JE4uwkWeFsliaA,,,,,38.9129,-119.9878,anonymous,EN,Postgraduate Degree,65 or over,White,Male,Christian (Protestant),Strongly agree,Somewhat agree,Somewhat disagree,Somewhat disagree,Somewhat agree,Strongly agree,Strongly Disagree,Strongly agree,,,,,I have read this post.,,,,"
Ramblings of someone who isn't informed. ",Neither agree nor disagree,Strongly Disagree,Somewhat disagree,Somewhat disagree,Strongly agree,Somewhat agree,Strongly Disagree,Somewhat agree
2024-04-28 06:26:18,2024-04-28 06:34:49,IP Address,174.216.150.146,100,511,True,2024-04-28 06:34:50,R_30wuU9u5IttkGhf,,,,,39.2812,-76.7406,anonymous,EN,Bachelor's Degree,25 to 34,Black,Male,Christian (Catholic),Strongly agree,Strongly Disagree,Somewhat disagree,Somewhat disagree,Somewhat disagree,Strongly agree,Neither agree or disagree,Somewhat agree,,,,,,,I have read this post.,,"A lot of statehood and cooperative options I have not heard before as possible solutions. I wonder if the full pros and cons of each are being captured, but it‚Äôs informative to someone not close to understanding how peace in the region can be achieved. ",Strongly Disagree,Strongly Disagree,Strongly Disagree,Neither agree nor disagree,Strongly agree,Neither agree nor disagree,Strongly Disagree,Strongly agree
2024-04-28 10:04:31,2024-04-28 10:11:52,IP Address,107.15.241.12,100,441,True,2024-04-28 10:11:53,R_1KHk5DKA5Kx1ehE,,,,,36.0229,-78.9464,anonymous,EN,Bachelor's Degree,25 to 34,White,Male,I am not religious,Strongly agree,Somewhat agree,Neither agree or disagree,Strongly Disagree,Strongly Disagree,Strongly agree,Strongly agree,Strongly Disagree,,,,I have read this post.,,,,,"I think it‚Äôs justifiable to be angry at the exchange of hostages for terrorists, but I think this post is a little removed from the reality of what‚Äôs really happening in the conflict. I think it‚Äôs a fun post, but lacks the necessary nuance for a holistic understanding of things.",Strongly Disagree,Strongly agree,Strongly Disagree,Somewhat agree,Somewhat disagree,Strongly agree,Somewhat agree,Strongly agree
2024-04-28 10:06:56,2024-04-28 10:12:43,IP Address,69.250.175.213,100,346,True,2024-04-28 10:12:43,R_77OSbdJLbPRTVBL,,,,,38.9034,-76.9882,anonymous,EN,Bachelor's Degree,25 to 34,White,Male,Christian (Protestant),Neither agree or disagree,Somewhat disagree,Neither agree or disagree,Neither agree or disagree,Neither agree or disagree,Somewhat disagree,Neither agree or disagree,Neither agree or disagree,,,,,,,,I have read this post.,,Neither agree nor disagree,Neither agree nor disagree,Neither agree nor disagree,Neither agree nor disagree,Neither agree nor disagree,Neither agree nor disagree,Neither agree nor disagree,Neither agree nor disagree
2024-04-28 11:28:44,2024-04-28 11:33:38,IP Address,24.45.235.95,100,293,True,2024-04-28 11:33:38,R_2nqlMToRpo0RryJ,,,,,41.0641,-73.548,anonymous,EN,Postgraduate Degree,65 or over,White,Male,Christian (Protestant),Strongly agree,Somewhat disagree,Neither agree or disagree,Strongly Disagree,Somewhat agree,Strongly agree,Somewhat disagree,Somewhat agree,,,,I have read this post.,,,,,"Does not reflect reality of relative bargaining strengths of the two sides, as it relates to hostages",Somewhat disagree,Neither agree nor disagree,Somewhat disagree,Neither agree nor disagree,Strongly agree,Strongly agree,Strongly Disagree,Strongly Disagree
2024-04-28 11:59:43,2024-04-28 12:02:25,IP Address,68.80.116.163,100,162,True,2024-04-28 12:02:26,R_7IW1lIxOTypO6vd,,,,,39.952,-75.1814,anonymous,EN,Postgraduate Degree,25 to 34,White,Female,Jewish,Strongly agree,Somewhat disagree,Neither agree or disagree,Strongly Disagree,Neither agree or disagree,Strongly agree,Strongly Disagree,Strongly agree,,,,I have read this post.,,,,,Lacks context,Somewhat disagree,Neither agree nor disagree,Somewhat disagree,Neither agree nor disagree,Strongly agree,Strongly agree,Strongly Disagree,Strongly agree
2024-04-28 12:25:29,2024-04-28 12:29:38,IP Address,71.200.17.243,100,248,True,2024-04-28 12:29:39,R_2QxIpbG0fipjmxv,,,,,38.8842,-76.9941,anonymous,EN,Bachelor's Degree,25 to 34,White,Male,Jewish,Strongly agree,Strongly agree,Somewhat agree,Neither agree or disagree,Somewhat agree,Somewhat agree,Strongly Disagree,Strongly agree,,,,I have read this post.,,,,,That‚Äôs just how you have to negotiate with them. There‚Äôs been a historical precedent established in previous conflicts between these entities where the value of Israelis equates to multiple Palestinians,Strongly Disagree,Somewhat disagree,Strongly Disagree,Neither agree nor disagree,Strongly agree,Somewhat agree,Strongly Disagree,Strongly agree
2024-04-28 13:09:57,2024-04-28 13:14:30,IP Address,73.213.178.211,100,272,True,2024-04-28 13:14:31,R_4PgEqWDYaSTGRJx,,,,,38.9538,-76.8947,anonymous,EN,Bachelor's Degree,25 to 34,Middle Eastern,Female,I am not religious,Strongly agree,Neither agree or disagree,Strongly Disagree,Strongly Disagree,Neither agree or disagree,Strongly agree,Somewhat agree,Somewhat disagree,,,,,I have read this post.,,,,,Strongly Disagree,Strongly agree,Strongly Disagree,Neither agree nor disagree,Neither agree nor disagree,Neither agree nor disagree,Strongly Disagree,Strongly agree
2024-04-28 13:18:51,2024-04-28 13:21:44,IP Address,104.28.55.231,100,173,True,2024-04-28 13:21:44,R_6hzH7eUpT6rRKSJ,,,,,40.7547,-73.9614,anonymous,EN,Bachelor's Degree,25 to 34,Middle Eastern,Female,Jewish,Strongly agree,Somewhat disagree,Neither agree or disagree,Neither agree or disagree,Strongly agree,Neither agree or disagree,Strongly Disagree,Strongly agree,,,,,,I have read this post,,,"This didn‚Äôt seem like a real post? It just listed a bunch of countries. ",Neither agree nor disagree,Neither agree nor disagree,Neither agree nor disagree,Neither agree nor disagree,Strongly agree,Strongly agree,Strongly Disagree,Neither agree nor disagree
2024-04-28 13:21:34,2024-04-28 13:27:45,IP Address,73.191.26.245,100,370,True,2024-04-28 13:27:45,R_7tmyaK3Z73MBWbU,,,,,38.8865,-77.0911,anonymous,EN,Postgraduate Degree,25 to 34,White,Male,Christian (Catholic),Strongly agree,Strongly agree,Somewhat disagree,Somewhat disagree,Strongly agree,Strongly agree,Somewhat disagree,Strongly agree,,,I have read this post.,,,,,,"It sounds pretty jaded and one sided, it presumes the conclusion that it ultimately seeks to prove without providing any indication of an opposing viewpoint, and it‚Äôs littered with grammatical idiosyncrasies that make it sound like it was written by a teenager.",Strongly Disagree,Neither agree nor disagree,Strongly Disagree,Strongly Disagree,Strongly agree,Somewhat agree,Strongly Disagree,Somewhat agree
2024-04-28 13:44:58,2024-04-28 13:54:23,IP Address,163.118.188.228,100,564,True,2024-04-28 13:54:24,R_61bIcmCLiRghhca,,,,,28.0647,-80.6206,anonymous,EN,Some College or Technical Training,18 to 24,White,Female,Christian (Catholic),Strongly agree,Somewhat agree,Somewhat agree,Somewhat agree,Neither agree or disagree,Strongly agree,Somewhat agree,Strongly Disagree,,,,,,,,I have read this post.,"The social media post brought up a lot of good points. I think that a lot of times it is hard to get a full perspective of what is going on because of all the media that is being pushed onto people. I personally would need to look into all of this more before giving an opinion. I do think that violence is the last option, but if change is needed and that leads to violent revolution that is an entirely story. ",Strongly Disagree,Strongly Disagree,Somewhat disagree,Neither agree nor disagree,Strongly agree,Neither agree nor disagree,Strongly Disagree,Strongly agree
2024-04-28 14:00:04,2024-04-28 14:03:55,IP Address,173.66.123.244,100,230,True,2024-04-28 14:03:55,R_3qffqLBj3QG6yej,,,,,38.8574,-77.1,anonymous,EN,Postgraduate Degree,25 to 34,White,Male,Jewish,Strongly agree,Strongly agree,Somewhat agree,Neither agree or disagree,Strongly agree,Strongly agree,Strongly Disagree,Strongly agree,,,,I have read this post.,,,,,"One sided, but it‚Äôs true ",Strongly Disagree,Strongly agree,Strongly Disagree,Strongly agree,Strongly agree,Strongly agree,Strongly Disagree,Somewhat agree
2024-04-28 14:14:53,2024-04-28 14:22:36,IP Address,70.19.93.26,100,462,True,2024-04-28 14:22:37,R_7bfv6xuDlqNfPvr,,,,,41.047,-73.6224,anonymous,EN,Bachelor's Degree,35 to 44,White,Male,I am not religious,Strongly agree,Somewhat agree,Strongly Disagree,Strongly Disagree,Somewhat disagree,Strongly agree,Strongly agree,Somewhat disagree,,,,,I have read this post.,,,,"I think these seem like the words of someone who‚Äôs spent a fair amount of time trying to understand the conflict - and is trying to inject humanist ideals in support of speedy resolution - rather than more partisan approaches that will likely result in more destruction and loss of life ",Strongly Disagree,Strongly Disagree,Strongly Disagree,Neither agree nor disagree,Strongly agree,Somewhat agree,Strongly Disagree,Strongly agree
2024-04-28 14:43:56,2024-04-28 14:51:52,IP Address,98.117.202.124,100,475,True,2024-04-28 14:51:52,R_5jBQ1lSKyaocXu2,,,,,38.918,-76.5361,anonymous,EN,Postgraduate Degree,55 to 64,White,Female,Christian (Protestant),Strongly agree,Somewhat agree,Strongly Disagree,Strongly Disagree,Somewhat agree,Strongly agree,Somewhat agree,Strongly agree,I have read this post.,,,,,,,,"The response of the Israeli govt seems no longer aimed at just Hamas but also killing so many innocent lives. Also current t leaders there are so far to the right as to seem to discount Palestinians and their right to their own state. Each side should be seeking help from more neutral leaders to compromise. Netanyahu has brought such hardship on Jews everywhere‚Äî‚Äî‚Äî‚Äî show the world you care about the kids being hurt. ",Strongly Disagree,Neither agree nor disagree,Strongly Disagree,Neither agree nor disagree,Strongly agree,Strongly agree,Strongly Disagree,Strongly agree
2024-04-28 14:32:49,2024-04-28 14:58:46,IP Address,136.56.46.174,100,1556,True,2024-04-28 14:58:46,R_5YDMTbpSW62Sb0B,,,,,35.8047,-78.8881,anonymous,EN,Bachelor's Degree,25 to 34,White,Male,I am not religious,Strongly agree,Strongly agree,Somewhat disagree,Strongly agree,Somewhat agree,Neither agree or disagree,Somewhat agree,Somewhat agree,,I have read this post,,,,,,,"Rhetoric is a little extreme, but I do not support protests that shut down public infrastructure ",Strongly Disagree,Neither agree nor disagree,Strongly Disagree,Neither agree nor disagree,Neither agree nor disagree,Neither agree nor disagree,Strongly Disagree,Somewhat agree
2024-04-28 15:02:12,2024-04-28 15:06:51,IP Address,47.229.80.238,100,278,True,2024-04-28 15:06:51,R_2qCdrhvt9NZlXjH,,,,,34.1424,-118.1257,anonymous,EN,Bachelor's Degree,25 to 34,White,Male,Christian (Catholic),Strongly agree,Somewhat agree,Somewhat disagree,Somewhat disagree,Somewhat agree,Strongly agree,Strongly agree,Somewhat disagree,,,,,,,I have read this post.,,"It‚Äôs dumbed down for people like me who aren‚Äôt as knowledgeable about the day to day events going on in Palestine. It‚Äôs a little too simplistic and I would like a link to more information about the possible solutions. ",Somewhat disagree,Strongly Disagree,Strongly Disagree,Neither agree nor disagree,Strongly agree,Neither agree nor disagree,Somewhat agree,Strongly agree
2024-04-28 14:52:54,2024-04-28 15:37:08,IP Address,68.53.27.33,100,2654,True,2024-04-28 15:37:09,R_5fdjAWUE2P1gB6s,,,,,36.0964,-86.8212,anonymous,EN,Postgraduate Degree,35 to 44,White,Male,Jewish,Strongly agree,Neither agree or disagree,Neither agree or disagree,Somewhat agree,Strongly agree,Somewhat agree,Strongly Disagree,Strongly agree,,,,,,,,I have read this post.,"Poor grammar. If I had seen it on social media I wouldn‚Äôt have read past the first two lines. ",Strongly Disagree,Neither agree nor disagree,Neither agree nor disagree,Somewhat disagree,Strongly agree,Neither agree nor disagree,Strongly Disagree,Neither agree nor disagree
2024-04-28 15:36:34,2024-04-28 15:43:33,IP Address,72.182.41.234,100,419,True,2024-04-28 15:43:34,R_1VaK7oJtBMdTpCy,,,,,30.3471,-97.7649,anonymous,EN,Postgraduate Degree,25 to 34,White,Male,I am not religious,Strongly agree,Strongly agree,Strongly Disagree,Strongly Disagree,Somewhat disagree,Strongly agree,Somewhat agree,Neither agree or disagree,I have read this post.,,,,,,,,"Frustrating. I think the post equivocates wrongs committed by one side with wrongs committed by another to justify Israel‚Äôs severe response. Even if we just look at civilian casualties, it is clear that Israel‚Äôs response is disproportionate to the attack launched by Hamas. Although the killing of civilians by Hamas is reprehensible, this does not justify Israel‚Äôs catastrophic response to those atrocities. Also, (if I remember the post correctly) the speaker‚Äôs statement that they don‚Äôt support a two-state solution raises serious questions as to what they think should happen to Palestinians and what their role would be in a one-state solution. I have trouble imagining a pleasant outcome under those circumstances.",Strongly Disagree,Somewhat agree,Strongly Disagree,Somewhat agree,Somewhat agree,Strongly agree,Somewhat disagree,Strongly agree
2024-04-28 16:25:02,2024-04-28 16:30:38,IP Address,98.48.172.177,100,336,True,2024-04-28 16:30:38,R_76krzN251EikzzX,,,,,32.797,-80.003,anonymous,EN,Postgraduate Degree,25 to 34,White,Female,I am not religious,Strongly agree,Strongly agree,Strongly Disagree,Strongly Disagree,Strongly Disagree,Strongly agree,Strongly agree,Strongly Disagree,,,I have read this post.,,,,,,A passionate post from someone whose first language likely isn't English.,Strongly Disagree,Somewhat disagree,Strongly Disagree,Neither agree nor disagree,Strongly Disagree,Strongly Disagree,Strongly agree,Strongly agree
2024-04-28 16:29:21,2024-04-28 16:32:12,IP Address,136.38.153.192,100,170,True,2024-04-28 16:32:12,R_8qGQ0guxRKu29eF,,,,,40.6982,-111.841,anonymous,EN,Bachelor's Degree,18 to 24,White,Male,I am not religious,Strongly agree,Somewhat agree,Strongly Disagree,Strongly agree,Neither agree or disagree,Somewhat agree,Neither agree or disagree,Somewhat disagree,,,I have read this post.,,,,,,,Strongly Disagree,Somewhat disagree,Strongly Disagree,Somewhat agree,Somewhat agree,Somewhat agree,Neither agree nor disagree,Strongly agree
2024-04-29 02:34:15,2024-04-29 02:38:07,IP Address,71.179.10.120,100,232,True,2024-04-29 02:38:08,R_7waPDa3rDK4U4Lf,,,,,39.013,-76.6742,anonymous,EN,Bachelor's Degree,25 to 34,Asian,Male,Hindu,Strongly agree,Neither agree or disagree,Strongly Disagree,Neither agree or disagree,Strongly Disagree,Somewhat agree,Strongly agree,Strongly Disagree,,,,,,,I have read this post.,,,Strongly Disagree,Neither agree nor disagree,Strongly Disagree,Neither agree nor disagree,Strongly Disagree,Neither agree nor disagree,Strongly Disagree,Strongly agree
2024-04-29 03:26:40,2024-04-29 03:29:05,IP Address,69.144.148.124,100,145,True,2024-04-29 03:29:06,R_5OrYVbXP6LQWdHP,,,,,46.8522,-114.0214,anonymous,EN,Bachelor's Degree,25 to 34,White,Female,I am not religious,Strongly agree,Strongly agree,Strongly Disagree,Somewhat disagree,Neither agree or disagree,Strongly agree,Strongly agree,Somewhat disagree,,,,I have read this post.,,,,,Is it true?,Strongly Disagree,Neither agree nor disagree,Strongly Disagree,Neither agree nor disagree,Somewhat agree,Somewhat agree,Somewhat disagree,Strongly agree
2024-04-29 03:48:18,2024-04-29 03:58:49,IP Address,35.149.59.158,100,630,True,2024-04-29 03:58:50,R_645F9rusRBFNPcB,,,,,33.8681,-118.1831,anonymous,EN,Bachelor's Degree,25 to 34,White,Male,Christian (Catholic),Strongly agree,Somewhat agree,Strongly Disagree,Strongly Disagree,Somewhat disagree,Strongly agree,Somewhat agree,Somewhat disagree,,I have read this post,,,,,,,"I think the post was unbelievably biased, as to ignore the congregations purpose and to call their instruments annoying. There is a clear bias and a slight obnoxious attitude the tweeter has. Seems like emotional ramblings ",Somewhat disagree,Strongly agree,Strongly Disagree,Neither agree nor disagree,Somewhat agree,Strongly agree,Strongly Disagree,Strongly agree
2024-04-29 05:29:30,2024-04-29 05:36:46,IP Address,137.83.94.145,100,435,True,2024-04-29 05:36:47,R_1gTTNu25U3x7wIU,,,,,39.7593,-104.9651,anonymous,EN,Bachelor's Degree,25 to 34,White,Male,I am not religious,Strongly agree,Strongly agree,Strongly Disagree,Strongly Disagree,Strongly Disagree,Strongly agree,Strongly agree,Strongly Disagree,,,,,I have read this post.,,,,"They try hard to play the ""both sides are bad"" argument, which I generally disagree with. Only one side is bombing the living hell out of the other. ",Strongly Disagree,Somewhat agree,Strongly Disagree,Neither agree nor disagree,Strongly Disagree,Neither agree nor disagree,Neither agree nor disagree,Strongly agree
2024-04-29 08:44:37,2024-04-29 08:50:37,IP Address,24.39.156.34,100,360,True,2024-04-29 08:50:38,R_7tkZi81XTxAoGh3,,,,,40.839,-73.946,anonymous,EN,Postgraduate Degree,25 to 34,Latino/Hispanic,Male,Christian (Protestant),Strongly agree,Strongly agree,Strongly Disagree,Strongly Disagree,Strongly Disagree,Strongly agree,Strongly agree,Strongly Disagree,,,,,I have read this post.,,,,"I think it sounds like someone fed up with the state of politics, but tries to inadequately play the middle part of the issue. ",Strongly Disagree,Strongly agree,Strongly Disagree,Somewhat agree,Strongly Disagree,Somewhat agree,Somewhat agree,Strongly agree
2024-04-29 10:12:06,2024-04-29 10:21:32,IP Address,82.27.107.63,100,565,True,2024-04-29 10:21:33,R_3JEPyrjMS8LHft7,,,,,52.1932,0.1426,anonymous,EN,Postgraduate Degree,25 to 34,White,Female,I am not religious,Somewhat agree,Somewhat agree,Neither agree or disagree,Neither agree or disagree,Strongly Disagree,Somewhat agree,Somewhat agree,Somewhat disagree,,,,,I have read this post.,,,,"I think it‚Äôs somewhat true, I think both sides are weaponising the media and propaganda. However I do think we have a humanitarian obligation to call for a ceasefire. ",Strongly Disagree,Strongly agree,Strongly Disagree,Neither agree nor disagree,Somewhat disagree,Somewhat agree,Somewhat agree,Strongly agree
2024-04-29 13:14:58,2024-04-29 13:17:14,IP Address,73.213.203.130,100,135,True,2024-04-29 13:17:14,R_6q47A0f05rVJByl,,,,,38.9057,-77.0319,anonymous,EN,Postgraduate Degree,35 to 44,White,Female,Jewish,Strongly agree,Somewhat agree,Strongly Disagree,Strongly Disagree,Strongly agree,Strongly agree,Strongly Disagree,Strongly agree,,,,I have read this post.,,,,,I agree.,Strongly Disagree,Somewhat agree,Strongly Disagree,Neither agree nor disagree,Strongly agree,Somewhat agree,Strongly Disagree,Neither agree nor disagree
2024-04-29 13:17:43,2024-04-29 13:20:52,IP Address,174.100.173.235,100,188,True,2024-04-29 13:20:53,R_2rxdZhskC0lr5Pb,,,,,41.4712,-81.5248,anonymous,EN,Postgraduate Degree,45 to 54,White,Male,Jewish,Strongly agree,Neither agree or disagree,Somewhat disagree,Strongly Disagree,Somewhat agree,Somewhat agree,Strongly Disagree,Strongly agree,,,,,,,,I have read this post.,Too long‚Ä¶ Too complicated.,Strongly Disagree,Strongly agree,Strongly Disagree,Neither agree nor disagree,Strongly agree,Strongly agree,Strongly Disagree,Strongly agree
2024-04-29 13:24:34,2024-04-29 13:39:54,IP Address,174.224.131.86,100,919,True,2024-04-29 13:39:54,R_2emgqLFmp3Q75jS,,,,,35.3917,-97.495,anonymous,EN,Postgraduate Degree,25 to 34,Latino/Hispanic,Female,Jewish,Somewhat disagree,Somewhat disagree,Neither agree or disagree,Somewhat disagree,Somewhat agree,Somewhat agree,Strongly Disagree,Strongly agree,,,,I have read this post.,,,,,"I think social media doesn‚Äôt really capture what‚Äôs actually happening or why. ",Strongly Disagree,Somewhat agree,Strongly Disagree,Neither agree nor disagree,Strongly agree,Somewhat agree,Strongly Disagree,Strongly agree
2024-04-29 16:01:48,2024-04-29 16:05:59,IP Address,174.212.161.94,100,251,True,2024-04-29 16:06:00,R_5n1MnDRoIar3KjG,,,,,35.887,-84.1675,anonymous,EN,Postgraduate Degree,45 to 54,White,Female,Jewish,Strongly agree,Strongly agree,Somewhat disagree,Somewhat disagree,Somewhat disagree,Strongly agree,Somewhat disagree,Strongly agree,,,,,I have read this post.,,,,"It seems confused. I‚Äôm not sure what he‚Äôs saying. He seems to be saying nothing and just trying not to piss off abyone. ",Strongly Disagree,Somewhat agree,Strongly Disagree,Somewhat agree,Strongly agree,Strongly agree,Strongly Disagree,Strongly agree
2024-04-29 17:33:49,2024-04-29 17:37:19,IP Address,174.100.166.155,100,209,True,2024-04-29 17:37:20,R_7p9AFTzMeouhXfr,,,,,41.4712,-81.5248,anonymous,EN,Postgraduate Degree,55 to 64,White,Female,Jewish,Strongly agree,Strongly Disagree,Strongly Disagree,Neither agree or disagree,Strongly agree,Strongly agree,Strongly Disagree,Strongly agree,I have read this post.,,,,,,,,"Anti zionist, don't understand the devastation of October 7th",Strongly Disagree,Somewhat agree,Somewhat disagree,Neither agree nor disagree,Strongly agree,Strongly agree,Strongly Disagree,Strongly Disagree
2024-04-30 08:42:38,2024-04-30 08:47:42,IP Address,174.100.173.5,100,303,True,2024-04-30 08:47:43,R_5fIWOnaAja5PTLs,,,,,41.4712,-81.5248,anonymous,EN,Postgraduate Degree,55 to 64,Other,Male,Jewish,Strongly agree,Neither agree or disagree,Neither agree or disagree,Somewhat disagree,Strongly Disagree,Strongly agree,Strongly Disagree,Strongly agree,I have read this post.,,,,,,,,"It is a combination of hopeful, curious and uninformed",Neither agree nor disagree,Neither agree nor disagree,Neither agree nor disagree,Neither agree nor disagree,Strongly agree,Somewhat disagree,Strongly Disagree,Somewhat agree
